{
  "display": {
    "icon": {
      "id": "minecraft:firework_rocket"
    },
    "title": {
      "translate": "Beyond the Clouds"
    },
    "description": [
      
      {
        "translate": "Fly beyond the Overworld build limit with your "
      },
      {
        "translate": "item.minecraft.elytra"
      }
    ],
    "frame": "task",
    "show_toast": true,
    "announce_to_chat": true,
    "hidden": false
  },
  "parent": "minecraft:end/elytra",
  "criteria": {
    "elytra": {
      "trigger": "minecraft:location",
      "conditions": {
        "player": [
          {
            "condition": "minecraft:entity_properties",
            "entity": "this",
            "predicate": {
              "location": {
                "dimension": "minecraft:overworld",
                "position": {
                  "y": {
                    "min": 322
                  }
                }
              },
              "equipment": {
                "chest": {
                  "items": [
                    "minecraft:elytra"
                  ]
                }
              }
            }
          }
        ]
      }
    }
  },
  "requirements": [
    [
      "elytra"
    ]
  ]
}