{
  "display": {
    "icon": {
      "id": "minecraft:shulker_box"
    },
    "title": {
      "translate": "Portable Chest"
    },
    "description": [
      
      { "translate": "Use the Shulker Shells of a " },
      { "translate": "entity.minecraft.shulker" },
      { "translate": " merged with a chest to craft a " },
      { "translate": "block.minecraft.shulker_box" }
  ],
    "frame": "task",
    "show_toast": true,
    "announce_to_chat": true,
    "hidden": false
  },
  "parent": "minecraft:end/find_end_city",
  "criteria": {
    "c1": {
      "trigger": "minecraft:inventory_changed",
      "conditions": {
        "player": [],
        "items": [
          {
            "items": [
              "minecraft:shulker_box"
            ]
          }
        ]
      }
    }
  }
}
