{
    "display": {
      "icon": {
        "id": "minecraft:elytra",
        "components": {
          "minecraft:enchantments": {}
        }
      },
      "title": {
        "translate": "Mid-Air Battle"
      },
      "description": [
      {
        "translate": "Whilst flying with your Elytra, kill 10 hostile mobs without touching the ground"
      }],
      "frame": "challenge",
      "show_toast": true,
      "announce_to_chat": true,
      "hidden": false
    },
    "parent": "minecraft:end/elytra",
    "criteria": {
      "elytra": {
        "trigger": "minecraft:impossible"
      }
    },
    "requirements": [
      [
        "elytra"
      ]
    ],
    "rewards": {
      "experience": 50
    }
  }
  