{
  "display": {
    "icon": {
      "id": "minecraft:bedrock"
    },
    "title": {
      "translate": "Above the Nether"
    },
    "description": [
      {
        "translate": "Break the limits of the Nether and go above its Bedrock roof"
      }
    ],
    "frame": "challenge",
    "show_toast": true,
    "announce_to_chat": true,
    "hidden": false
  },
  "parent": "minecraft:nether/root",
  "criteria": {
    "elytra": {
      "trigger": "minecraft:location",
      "conditions": {
        "player": [
          {
            "condition": "minecraft:any_of",
            "terms": [
              {
                "condition": "minecraft:all_of",
                "terms": [
                  {
                    "condition": "minecraft:value_check",
                    "value": {
                      "type": "minecraft:score",
                      "target": {
                        "type": "minecraft:fixed",
                        "name": "installed_incendium"
                      },
                      "score": "refinedadv_count",
                      "scale": 1
                    },
                    "range": 0
                  },
                  {
                    "condition": "minecraft:entity_properties",
                    "entity": "this",
                    "predicate": {
                      "location": {
                        "position": {
                          "y": {
                            "min": 128
                          }
                        },
                        "dimension": "minecraft:the_nether"
                      }
                    }
                  }
                ]
              },
              {
                "condition": "minecraft:all_of",
                "terms": [
                  {
                    "condition": "minecraft:value_check",
                    "value": {
                      "type": "minecraft:score",
                      "target": {
                        "type": "minecraft:fixed",
                        "name": "installed_incendium"
                      },
                      "score": "refinedadv_count",
                      "scale": 1
                    },
                    "range": 1
                  },
                  {
                    "condition": "minecraft:entity_properties",
                    "entity": "this",
                    "predicate": {
                      "location": {
                        "position": {
                          "y": {
                            "min": 192
                          }
                        },
                        "dimension": "minecraft:the_nether"
                      }
                    }
                  }
                ]
              }
            ]
          }
        ]
      }
    }
  },
  "rewards": {
    "experience": 50
  }
}
