{
  "display": {
    "icon": {
      "id": "minecraft:netherite_ingot"
    },
    "title": {
      "translate": "Forged From the Depths"
    },
    "description": [
      
      {
        "translate": "Craft a "
      },
      {
        "translate": "item.minecraft.netherite_ingot"
      }
    ],
    "frame": "task",
    "show_toast": true,
    "announce_to_chat": true,
    "hidden": false
  },
  "parent": "minecraft:nether/obtain_ancient_debris",
  "criteria": {
    "c1": {
      "trigger": "minecraft:inventory_changed",
      "conditions": {
        "player": [],
        "items": [
          {
            "items": [
              "minecraft:netherite_ingot"
            ]
          }
        ]
      }
    }
  }
}