{
    "criteria": {
      "killed_dragon": {
        "trigger": "minecraft:player_killed_entity",
        "conditions": {
          "entity": [
            {
              "condition": "minecraft:entity_properties",
              "entity": "this",
              "predicate": {
                "type": "#refined_advancements:non_hostile"
              }
            }
          ]
        }
      }
    },
    "rewards": {
        "function": "refined_advancements:kill_non_hostile"
    }
  }
  