{
    "display": {
      "icon": {
        "id": "minecraft:deepslate"
      },
      "title": {
        "translate": "Into the Depths"
      },
      "description": [
        {
          "translate": "Enter the "
        },
        {
          "translate": "block.minecraft.deepslate"
        },
        {
          "translate": " layer of the caves"
        }],
      "frame": "task",
      "show_toast": true,
      "announce_to_chat": true,
      "hidden": false
    },
    "parent": "minecraft:story/iron_tools",
    "criteria": {
        "elytra": {
          "trigger": "minecraft:location",
          "conditions": {
            "player": [
              {
                "condition": "minecraft:entity_properties",
                "entity": "this",
                "predicate": {
                  "location": {
                    "dimension": "minecraft:overworld",
                    "position": {
                      "y": {
                        "min": -64,
                        "max": 0
                      }
                    }
                  }
                }
              }
            ]
          }
        }
    }
  }
  