{
  "display": {
    "icon": {
      "id": "minecraft:blaze_rod"
    },
    "title": {
      "translate": "advancements.nether.obtain_blaze_rod.title"
    },
    "description": [
      {
      "translate": "advancements.nether.obtain_blaze_rod.description"
    }
    ],
    "frame": "task",
    "show_toast": false,
    "announce_to_chat": false,
    "hidden": false
  },
  "parent": "minecraft:story/enter_the_nether",
  "criteria": {
    "blaze_rod": {
      "trigger": "minecraft:inventory_changed",
      "conditions": {
        "items": [
          {
            "items": [
              "minecraft:blaze_rod"
            ]
          }
        ]
      }
    }
  },
  "requirements": [
    [
      "blaze_rod"
    ]
  ]
}
