{
  "display": {
    "icon": {
      "id": "minecraft:diamond_pickaxe"
    },
    "title": {
      "translate": "Diamond Miner"
    },
    "description": [
      {
      "translate": "Create the pickaxe that can break anything"
    }
    ],
    "frame": "task",
    "show_toast": true,
    "announce_to_chat": true,
    "hidden": false
  },
  "parent": "minecraft:story/mine_diamond",
  "criteria": {
    "c1": {
      "trigger": "minecraft:inventory_changed",
      "conditions": {
        "player": [],
        "items": [
          {
            "items": [
              "minecraft:diamond_pickaxe"
            ]
          }
        ]
      }
    }
  }
}
