{
  "display": {
    "icon": {
      "id": "minecraft:bread"
    },
    "title": {
      "translate": "Bon Appétit!"
    },
    "description": [
      {
      "translate": "Eat food to relieve hunger"
    }
    ],
    "frame": "task",
    "show_toast": true,
    "announce_to_chat": true,
    "hidden": false
    
  },
  "parent": "minecraft:story/mine_stone",
  "criteria": {
    "consumed_item": {
      "trigger": "minecraft:consume_item",
      "conditions": {}
    }
  },
  "requirements": [
    [
      "consumed_item"
    ]
  
  ]
}
