{
  "display": {
    "icon": {
      "id": "minecraft:dragon_head"
    },
    "title": {
      "translate": "advancements.end.kill_dragon.title"
    },
    "description": [
      
      {
        "translate": "Defeat the "
      },
      {
        "translate": "entity.minecraft.ender_dragon"
      }
    ],
    "frame": "goal",
    "show_toast": false,
    "announce_to_chat": false,
    "hidden": false
  },
  "parent": "minecraft:story/enter_the_end",
  "criteria": {
    "killed_dragon": {
      "trigger": "minecraft:player_killed_entity",
      "conditions": {
        "entity": [
          {
            "condition": "minecraft:entity_properties",
            "entity": "this",
            "predicate": {
              "type": "minecraft:ender_dragon"
            }
          }
        ]
      }
    }
  },
  "requirements": [
    [
      "killed_dragon"
    ]
  ]
}