{
  "display": {
    "icon": {
      "id": "minecraft:enchanting_table",
      "components": {
        "minecraft:enchantments": {
          "minecraft:unbreaking": 1
        }
      }
    },
    "title": {
      "translate": "Fully Enchanted"
    },
    "description": [
      {
        "translate": "Fully enchant your armor with max enchantments"
      }
    ],
    "frame": "challenge",
    "show_toast": true,
    "announce_to_chat": true,
    "hidden": false
  },
  "parent": "refined_advancements:story/lvl30",
  "criteria": {
    "c1": {
      "trigger": "minecraft:inventory_changed",
      "conditions": {
        "player": [
          {
            "condition": "minecraft:reference",
            "name": "refined_advancements:max/headpiece"
          },
          {
            "condition": "minecraft:reference",
            "name": "refined_advancements:max/chestplate"
          },
          {
            "condition": "minecraft:reference",
            "name": "refined_advancements:max/leggings"
          },
          {
            "condition": "minecraft:reference",
            "name": "refined_advancements:max/boots"
          }
        ]
      }
    }
  },
  "rewards": {
    "experience": 100
  }
}
