{
  "display": {
    "icon": {
      "id": "minecraft:blue_bed"
    },
    "title": {
      "translate": "Nightmare Fuel"
    },
    "description": [
      {
      "translate": "Go 3 full days without sleeping and encounter Phantoms",
      "color": "aqua"
    }
  ],
    "frame": "task",
    "show_toast": true,
    "announce_to_chat": true,
    "hidden": true
  },
  "parent": "minecraft:adventure/sleep_in_bed",
  "criteria": {
    "1": {
      "trigger": "minecraft:impossible"
      
    }
  },
  "requirements": [
    [
      "1"
    ]
  ]
}
