{
  "display": {
    "icon": {
      "id": "minecraft:crafting_table"
    },
    "title": {
      "translate": "Crafting Time"
    },
    "description":[
      
      {"translate": "Create a " },
      {"translate": "block.minecraft.crafting_table"},
      {"translate": " with 4 wood planks in your inventory's crafting grid"}
  
  
  
  ],
    "frame": "task",
    "show_toast": true,
    "announce_to_chat": true,
    "hidden": false
  },
  "parent": "minecraft:story/root",
  "criteria": {
    "c1": {
      "trigger": "minecraft:inventory_changed",
      "conditions": {
        "player": [],
        "items": [
          {
            "items": [
              "minecraft:crafting_table"
            ]
          }
        ]
      }
    }
  }
}
