{
  "display": {
    "icon": {
      "id": "minecraft:golden_apple"
    },
    "title": {
      "translate": "advancements.story.cure_zombie_villager.title"
    },
    "description": [
      {
      "translate": "advancements.story.cure_zombie_villager.description"
    }
    ],
    "frame": "goal",
    "show_toast": true,
    "announce_to_chat": true,
    "hidden": false
  },
  "parent": "minecraft:nether/brew_potion",
  "criteria": {
    "cured_zombie": {
      "trigger": "minecraft:cured_zombie_villager",
      "conditions": {}
    }
  },
  "requirements": [
    [
      "cured_zombie"
    ]
  ]
}
