{
  "display": {
    "icon": {
      "id": "minecraft:ender_eye",
      "count": 1
    },
    "title": {
      "translate": "advancements.story.follow_ender_eye.title"
    },
    "description": {
      "translate": "advancements.story.follow_ender_eye.description"
    }
  },
  "parent": "refined_advancements:story/blaze_rod",
  "criteria": {
    "in_stronghold": {
      "trigger": "minecraft:location",
      "conditions": {
        "player": [
          {
            "condition": "minecraft:entity_properties",
            "entity": "this",
            "predicate": {
              "location": {
                "structures": "minecraft:stronghold"
              }
            }
          }
        ]
      }
    }
  },
  "requirements": [
    [
      "in_stronghold"
    ]
  ],
  "sends_telemetry_event": true
}
