{
  "display": {
    "icon": {
      "id": "minecraft:wooden_pickaxe"
    },
    "title": {
      "translate": "advancements.story.mine_stone.title"
    },
    "description": [
      {
      "translate": "advancements.story.mine_stone.description"
    }
    ],
    "frame": "task",
    "show_toast": true,
    "announce_to_chat": true,
    "hidden": false
  },
  "parent": "refined_advancements:story/time_to_craft",
  "criteria": {
    "get_stone": {
      "trigger": "minecraft:inventory_changed",
      "conditions": {
        "items": [
          {
            "items": "#minecraft:stone_tool_materials"
          }
        ]
      }
    }
  },
  "requirements": [
    [
      "get_stone"
    ]
  ]
}
