{
  "display": {
    "icon": {
      "id": "minecraft:diamond"
    },
    "title": {
      "translate": "advancements.story.mine_diamond.title"
    },
    "description": [
      {
      "translate": "advancements.story.mine_diamond.description"
    }
    ],
    "frame": "task",
    "show_toast": true,
    "announce_to_chat": true,
    "hidden": false
  },
  "parent": "refined_advancements:story/bdeepslate",
  "criteria": {
    "diamond": {
      "trigger": "minecraft:inventory_changed",
      "conditions": {
        "items": [
          {
            "items": [
              "minecraft:diamond"
            ]
          }
        ]
      }
    }
  },
  "requirements": [
    [
      "diamond"
    ]
  ]
}
