{
  "display": {
    "icon": {
      "id": "minecraft:red_wool"
    },
    "title": {
      "translate": "Colors of the Rainbow"
    },
    "description": [
      {
      "translate": "Obtain all 16 wool colors"
    }
    ],
    "frame": "challenge",
    "show_toast": true,
    "announce_to_chat": true,
    "hidden": false
  },
  "parent": "minecraft:husbandry/breed_an_animal",
  "criteria": {
      "red": {
        "trigger": "minecraft:inventory_changed",
        "conditions": {
          "items": [
            {
              "items": [
                "minecraft:red_wool"
              ]
            }
          ]
          
        }
      },
      "orange": {
        "trigger": "minecraft:inventory_changed",
        "conditions": {
          "items": [
            {
              "items": [
                "minecraft:orange_wool"
              ]
            }
          ]
          
        }
      },
      "yellow": {
        "trigger": "minecraft:inventory_changed",
        "conditions": {
          "items": [
            {
              "items": [
                "minecraft:yellow_wool"
              ]
            }
          ]
          
        }
      },
      "lime": {
        "trigger": "minecraft:inventory_changed",
        "conditions": {
          "items": [
            {
              "items": [
                "minecraft:lime_wool"
              ]
            }
          ]
          
        }
      },
      "green": {
        "trigger": "minecraft:inventory_changed",
        "conditions": {
          "items": [
            {
              "items": [
                "minecraft:green_wool"
              ]
            }
          ]
          
        }
      },
      "light blue": {
        "trigger": "minecraft:inventory_changed",
        "conditions": {
          "items": [
            {
              "items": [
                "minecraft:light_blue_wool"
              ]
            }
          ]
          
        }
      },
      "blue": {
        "trigger": "minecraft:inventory_changed",
        "conditions": {
          "items": [
            {
              "items": [
                "minecraft:blue_wool"
              ]
            }
          ]
          
        }
      },
      "cyan": {
        "trigger": "minecraft:inventory_changed",
        "conditions": {
          "items": [
            {
              "items": [
                "minecraft:cyan_wool"
              ]
            }
          ]
          
        }
      },
      "purple": {
        "trigger": "minecraft:inventory_changed",
        "conditions": {
          "items": [
            {
              "items": [
                "minecraft:purple_wool"
              ]
            }
          ]
          
        }
      },
      "magenta": {
        "trigger": "minecraft:inventory_changed",
        "conditions": {
          "items": [
            {
              "items": [
                "minecraft:magenta_wool"
              ]
            }
          ]
          
        }
      },
      "pink": {
        "trigger": "minecraft:inventory_changed",
        "conditions": {
          "items": [
            {
              "items": [
                "minecraft:pink_wool"
              ]
            }
          ]
          
        }
      },
      "brown": {
        "trigger": "minecraft:inventory_changed",
        "conditions": {
          "items": [
            {
              "items": [
                "minecraft:brown_wool"
              ]
            }
          ]
          
        }
      },
      "gray": {
        "trigger": "minecraft:inventory_changed",
        "conditions": {
          "items": [
            {
              "items": [
                "minecraft:gray_wool"
              ]
            }
          ]
          
        }
      },
      "light_gray": {
        "trigger": "minecraft:inventory_changed",
        "conditions": {
          "items": [
            {
              "items": [
                "minecraft:light_gray_wool"
              ]
            }
          ]
          
        }
      },
      "white": {
        "trigger": "minecraft:inventory_changed",
        "conditions": {
          "items": [
            {
              "items": [
                "minecraft:white_wool"
              ]
            }
          ]
          
        }
      },
      "black": {
        "trigger": "minecraft:inventory_changed",
        "conditions": {
          "items": [
            {
              "items": [
                "minecraft:black_wool"
              ]
            }
          ]
          
        }
      }
  },
  "rewards": {
    "experience": 100
  }
}
