{
  "display": {
    "icon": {
      "id": "minecraft:bone_meal"
    },
    "title": {
      "translate": "Fertilizer"
    },
    "description": [
      {
        "translate": "Use "
      },
      {
        "translate": "item.minecraft.bone_meal"
      },
      {
        "translate": " on a plant to make it grow faster"
      }
    ],
    "frame": "task",
    "show_toast": true,
    "announce_to_chat": true,
    "hidden": false
  },
  "parent": "minecraft:husbandry/plant_seed",
  "criteria": {
    "red": {
      "trigger": "minecraft:item_used_on_block",
      "conditions": {
        "player": [],
        "location": [
          {
            "condition": "minecraft:location_check",
            "predicate": {
              "block": {
                "tag": "refined_advancements:can_be_bonemealed"
              }
            }
          },
          {
            "condition": "minecraft:match_tool",
            "predicate": {
              "items": [
                "minecraft:bone_meal"
              ]
            }
          }
        ]
      }
    }
  }
}
