{
  "display": {
    "icon": {
      "id": "minecraft:goat_horn"
    },
    "title": {
      "translate": "Goaty Call"
    },
    "description": [
      {
      "translate": "Obtain a "
    },
    {
      "translate": "item.minecraft.goat_horn"
    },
    {
      "translate": " from a Goat and play it"
    }
  ],
    "frame": "task",
    "show_toast": true,
    "announce_to_chat": true,
    "hidden": false
  },
  "parent": "minecraft:husbandry/root",
  "criteria": {
    "c1": {
      "trigger": "minecraft:using_item",
      "conditions": {
        "item": {
          "items": [
            "minecraft:goat_horn"
          ]
        }
      }
    }
  }
}
