{
  "display": {
    "icon": {
      "id": "minecraft:carrot"
    },
    "title": {
      "translate": "Crop Garden"
    },
    "description": [
      {
        "translate": "Plant the main 4 overworld crops: Wheat, Carrots, Potatoes, and Beetroots"
      }
    ],
    "frame": "task",
    "show_toast": true,
    "announce_to_chat": true,
    "hidden": false
  },
  "parent": "minecraft:husbandry/plant_seed",
  "criteria": {
    "wheat": {
      "trigger": "minecraft:placed_block",
      "conditions": {
        "location": [
          {
            "condition": "minecraft:block_state_property",
            "block": "minecraft:wheat",
            "properties": {}
          }
        ]
      }
    },
    "carrot": {
      "trigger": "minecraft:placed_block",
      "conditions": {
        "location": [
          {
            "condition": "minecraft:block_state_property",
            "block": "minecraft:carrots",
            "properties": {}
          }
        ]
      }
    },
    "potato": {
      "trigger": "minecraft:placed_block",
      "conditions": {
        "location": [
          {
            "condition": "minecraft:block_state_property",
            "block": "minecraft:potatoes",
            "properties": {}
          }
        ]
      }
    },
    "beetroots": {
      "trigger": "minecraft:placed_block",
      "conditions": {
        "location": [
          {
            "condition": "minecraft:block_state_property",
            "block": "minecraft:beetroots",
            "properties": {}
          }
        ]
      }
    }
  },
  "requirements": [
    [
      "wheat"
    ],
    [
      "carrot"
    ],
    [
      "potato"
    ],
    [
      "beetroots"
    ]
  ]
}
