{
    "display": {
      "icon": {
        "id": "minecraft:raw_iron"
      },
      "title": {
        "translate": "Ore Collector"
      },
      "description": [
      {
        "translate": "Obtain one of each ore from the Overworld"
      }],
      "frame": "goal",
      "show_toast": true,
      "announce_to_chat": true,
      "hidden": false
    },
    "parent": "refined_advancements:adventure/bdeepslate",
    "criteria": {
      "c1": {
        "trigger": "minecraft:inventory_changed",
        "conditions": {
          "items": [
            {
              "items": [
                "minecraft:diamond"
              ]
            }
          ]
          
        }
      },
      "gold": {
        "trigger": "minecraft:inventory_changed",
        "conditions": {
          "items": [
            {
              "items": [
                "minecraft:raw_gold"
              ]
            }
          ]
          
        }
      },
      "iron": {
        "trigger": "minecraft:inventory_changed",
        "conditions": {
          "items": [
            {
              "items": [
                "minecraft:raw_iron"
              ]
            }
          ]
          
        }
      },
      "coal": {
        "trigger": "minecraft:inventory_changed",
        "conditions": {
          "items": [
            {
              "items": [
                "minecraft:coal"
              ]
            }
          ]
          
        }
      },
      "redstone": {
        "trigger": "minecraft:inventory_changed",
        "conditions": {
          "items": [
            {
              "items": [
                "minecraft:redstone"
              ]
            }
          ]
          
        }
      },
      "lapis_lazuli": {
        "trigger": "minecraft:inventory_changed",
        "conditions": {
          "items": [
            {
              "items": [
                "minecraft:lapis_lazuli"
              ]
            }
          ]
          
        }
      },
      "copper": {
        "trigger": "minecraft:inventory_changed",
        "conditions": {
          "items": [
            {
              "items": [
                "minecraft:raw_copper"
              ]
            }
          ]
          
        }
      },
      "amethyst": {
        "trigger": "minecraft:inventory_changed",
        "conditions": {
          "items": [
            {
              "items": [
                "minecraft:amethyst_shard"
              ]
            }
          ]
          
        }
      }
  

  
    }
  }
  