{
  "display": {
    "icon": {
      "id": "minecraft:amethyst_shard"
    },
    "title": {
      "translate": "Hidden Gem"
    },
    "description": [
      {
        "translate": "Obtain Amethyst Shards from an amethyst geode"
      }
    ],
    "frame": "task",
    "show_toast": true,
    "announce_to_chat": true,
    "hidden": false
  },
  "parent": "minecraft:adventure/root",
  "criteria": {
    "amethyst": {
      "trigger": "minecraft:inventory_changed",
      "conditions": {
        "player": [
          {
            "condition": "minecraft:value_check",
            "value": {
              "type": "minecraft:score",
              "target": "this",
              "score": "refinedadv_geodeDetect",
              "scale": 1
            },
            "range": {
              "min": 1,
              "max": 30
            }
          }
        ],
        "items": [
          {
            "items": [
              "minecraft:amethyst_shard"
            ]
          }
        ]
      }
    }
  }
}
