{
    "display": {
      "icon": {
        "id": "minecraft:reinforced_deepslate"
      },
      "title": {
        "translate": "City of Silence"
      },
      "description": [
      {
        "translate": "Discover the Ancient City, inhabitated by Sculk and the Warden"
      }],
      "frame": "task",
      "show_toast": true,
      "announce_to_chat": true,
      "hidden": false
    },
    "parent": "refined_advancements:adventure/bdeepslate",
    "criteria": {
        "find_ancient_city": {
          "trigger": "minecraft:location",
          "conditions": {
            "player": [
              {
                "condition": "minecraft:entity_properties",
                "entity": "this",
                "predicate": {
                  "location": {
                    "structures": "minecraft:ancient_city"
                  }
                }
              }
            ]
          }
        }
    }
  }
  