{
  "display": {
    "icon": {
      "id": "minecraft:magma_block"
    },
    "title": {
      "translate": "Aqua Bubbles"
    },
    "description": [
      {
        "translate": "Swim over a "
      },
      {
        "translate": "block.minecraft.magma_block"
      },
      {
        "translate": " to breathe underwater"
      }
    ],
    "frame": "task",
    "show_toast": true,
    "announce_to_chat": true,
    "hidden": false
  },
  "parent": "refined_advancements:adventure/ocean",
  "criteria": {
    "1": {
      "trigger": "minecraft:location",
      "conditions": {
        "player": {
          "location": {
            "block": {
              "blocks": [
                "minecraft:bubble_column"
              ],
              "state": {
                "drag": "true"
              }
            }
          }
        }
      }
    }
  }
}
