{
  "display": {
    "icon": {
      "id": "minecraft:water_bucket",
      "components": {
        "minecraft:enchantments": {
          "minecraft:unbreaking": 1
        }
      }
    },
    "title": {
      "translate": "Ultimate Bucket Clutch"
    },
    "description": [
      {
        "translate": "Use a water bucket to save yourself from a 60 block fall"
      }
    ],
    "frame": "challenge",
    "show_toast": true,
    "announce_to_chat": true,
    "hidden": false
  },
  "parent": "refined_advancements:adventure/bucket1",
  "criteria": {
    "c1": {
      "trigger": "minecraft:impossible"
    }
  },
  "rewards": {
    "experience": 50
  }
}
