{
  "display": {
    "icon": {
      "id": "minecraft:water_bucket"
    },
    "title": {
      "translate": "Bucket Clutch"
    },
    "description": [
      {
      "translate": "Use a water bucket to save yourself from a 12 block fall"
    }
    ],
    "frame": "task",
    "show_toast": true,
    "announce_to_chat": true,
    "hidden": false
  },
  "parent": "minecraft:adventure/root",
  "criteria": {
    "c1":
    {
      "trigger": "minecraft:impossible"
    }
  }
}
