{
  "display": {
    "icon": {
      "id": "minecraft:creeper_head",
      "components": {
        "minecraft:enchantments": {
          "minecraft:unbreaking": 1
        }
      }
    },
    "title": {
      "translate": "Mind Blowing"
    },
    "description": [
      {
        "translate": "Without dying, Charge a Creeper with lightning, then get the Charged Creeper to explode on a mob to receive its head"
      }
    ],
    "frame": "challenge",
    "show_toast": true,
    "announce_to_chat": true,
    "hidden": false
  },
  "parent": "minecraft:adventure/root",
  "criteria": {
    "charged_creeper_explode_without_dying": {
      "trigger": "minecraft:impossible",
      "conditions": {
        "player": [
          
        ]
      }
    }
  }
}
