{
    "display": {
      "icon": {
        "id": "minecraft:conduit"
      },
      "title": {
        "translate": "Waterpowered"
      },
      "description": [
      {
        "translate": "Construct a "
      },
      {
        "translate": "block.minecraft.conduit"
      },
      {
        "translate": " and take in the effects of its power"
      }
    ],
      "frame": "goal",
      "show_toast": true,
      "announce_to_chat": true,
      "hidden": false
    },
    "parent": "refined_advancements:adventure/open_chest_treasure",
    "criteria": {
      "c1": {
        "trigger": "minecraft:location",
        "conditions": {
          "player": [
            {
              "condition": "minecraft:entity_properties",
              "entity": "this",
              "predicate": {
                "effects": {
                  "minecraft:conduit_power": {}
                }
              }
            }
          ]
        }
      }
    }
  }
  