{
  "display": {
    "icon": {
      "id": "minecraft:jukebox"
    },
    "title": {
      "translate": "Vibin'"
    },
    "description": [
      {
        "translate": "Insert a music disc into a "
      },
      {
        "translate": "block.minecraft.jukebox"
      }
    ],
    "frame": "task",
    "show_toast": true,
    "announce_to_chat": true,
    "hidden": false
  },
  "parent": "minecraft:adventure/root",
  "criteria": {
    "red": {
      "trigger": "minecraft:item_used_on_block",
      "conditions": {
        "player": [],
        "location": [
          {
            "condition": "minecraft:match_tool",
            "predicate": {
              "predicates": {
                "minecraft:jukebox_playable": {}
              }
            }
          },
          {
            "condition": "minecraft:location_check",
            "predicate": {
              "block": {
                "blocks": [
                  "minecraft:jukebox"
                ]
              }
            }
          }
        ]
      }
    }
  }
}
