{
  "display": {
    "icon": {
      "id": "minecraft:sand"
    },
    "title": {
      "translate": "Open Waters"
    },
    "description": [
      {
      "translate": "Dip into the vast, open waters of the ocean"
    }
    ],
    "frame": "task",
    "show_toast": true,
    "announce_to_chat": true,
    "hidden": false
  },
  "parent": "minecraft:adventure/root",
  "criteria": {
    "c1": {
      "trigger": "minecraft:location",
      "conditions": {
        "player": [
          {
            "condition": "minecraft:reference",
            "name": "refined_advancements:location/ocean"
          },
          {
            "condition": "minecraft:entity_properties",
            "entity": "this",
            "predicate": {
              "location": {
                "position": {
                  "y": {
                    "min": 45,
                    "max": 63
                  }
                }
              }
            }
          }
        ]
      }
    }
  }
}
