{
  "display": {
    "icon": {
      "id": "minecraft:heart_of_the_sea"
    },
    "title": {
      "translate": "Yarr, Treasure!"
    },
    "description": [
      {
      "translate": "Uncover and open a buried treasure chest"
    }
    ],
    "frame": "task",
    "show_toast": true,
    "announce_to_chat": true,
    "hidden": false
  },
  "parent": "refined_advancements:adventure/ocean",
  "criteria": {
    "8": {
      "trigger": "minecraft:player_generates_container_loot",
      "conditions": {
        "loot_table": "minecraft:chests/buried_treasure"
      }
    }



  }
}
