{
  "display": {
    "icon": {
      "id": "minecraft:spawner"
    },
    "title": {
      "translate": "Monster Spawner"
    },
    "description": [
      
       {"translate": "Find a "},
       {"translate": "block.minecraft.spawner"},
       {"translate": " inside a dungeon"}
       ],
    "frame": "task",
    "show_toast": true,
    "announce_to_chat": true,
    "hidden": false
  },
  "parent": "minecraft:adventure/root",
  "criteria": {
    "spawner": {
      "trigger": "minecraft:impossible"
    }
  }
}
