{
  "display": {
    "icon": {
      "id": "minecraft:sponge"
    },
    "title": {
      "translate": "Absorbant and Yellow"
    },
    "description": [
      {
      "translate": "Use a Sponge to quickly absorb and clear out a space of water"
    }
    ],
    "frame": "task",
    "show_toast": true,
    "announce_to_chat": true,
    "hidden": false
  },
  "parent": "refined_advancements:adventure/ocean",
  "criteria": {
    "requirement": {
      "trigger": "minecraft:impossible"
    }
  }
}
