{
  "display": {
    "icon": {
      "id": "minecraft:diamond_leggings",
      "components": {
        "minecraft:enchantments": {
          "minecraft:unbreaking": 1
        }
      }
    },
    "title": {
      "translate": "Sneaking Swiftly"
    },
    "description": [
      {
        "translate": "Put the "
      },
      {
        "translate": "enchantment.minecraft.swift_sneak"
      },
      {
        "translate": " enchantment on some leggings and sneak around with them"
      }
    ],
    "frame": "task",
    "show_toast": true,
    "announce_to_chat": true,
    "hidden": false
  },
  "parent": "refined_advancements:adventure/ancient_city",
  "criteria": {
    "swift_sneak": {
      "trigger": "minecraft:location",
      "conditions": {
        "player": [
          {
            "condition": "minecraft:entity_properties",
            "entity": "this",
            "predicate": {
             
              "equipment": {
                "legs": {
                  "predicates": {
                    "minecraft:enchantments": [
                      {
                        "enchantments": "minecraft:swift_sneak",
                        "levels": {
                          "min": 1
                        }
                      }
                    ]
                  }
                }
              },
              "movement": {
                "horizontal_speed": {
                  "min": 1
                }
              }
            }
          },
          {
            "condition": "minecraft:entity_properties",
            "entity": "this",
            "predicate": {
              "flags": {
                "is_sneaking": true
              }
            }
          }
        ]
      }
    }
  }
}
