{
  "display": {
    "icon": {
      "id": "minecraft:enchanted_book"
    },
    "title": {
      "translate": "Balanced Progression"
    },
    "description": [
      
      {
        "translate": "Trade with a Villager for a "
      },
      {
        "translate": "enchantment.minecraft.mending"
      },
      {
        "translate": " "
      },
      {
        "translate": "item.minecraft.enchanted_book"
      }
    ],
    "frame": "task",
    "show_toast": true,
    "announce_to_chat": true,
    "hidden": false
  },
  "parent": "minecraft:adventure/trade",
  "criteria": {
    "traded": {
      "trigger": "minecraft:villager_trade",
      "conditions": {
        "item": {
          "items": [
            "minecraft:enchanted_book"
          ],
          "nbt": "{StoredEnchantments:[{id:\"minecraft:mending\",lvl:1s}]}"
        }
      }
    }
  },
  "requirements": [
    [
      "traded"
    ]
  ]
}