{
  "condition": "any_of",
  "terms": [
    {
      "condition": "minecraft:entity_properties",
      "entity": "this",
      "predicate": {
        "equipment": {
          "legs": {
            "predicates": {
              "minecraft:enchantments": [
                {"enchantments": "minecraft:protection","levels": {"min": 4}},
                {"enchantments": "minecraft:unbreaking","levels": {"min": 3}},
                {"enchantments": "minecraft:mending","levels": {"min": 1}}
              ]
            }
          }
        }
      }
    },
    {
      "condition": "minecraft:entity_properties",
      "entity": "this",
      "predicate": {
        "equipment": {
          "legs": {
            "predicates": {
              "minecraft:enchantments": [
                {"enchantments": "minecraft:fire_protection","levels": {"min": 4}},
                {"enchantments": "minecraft:unbreaking","levels": {"min": 3}},
                {"enchantments": "minecraft:mending","levels": {"min": 1}}
              ]
            }
          }
        }
      }
    },
    {
      "condition": "minecraft:entity_properties",
      "entity": "this",
      "predicate": {
        "equipment": {
          "legs": {
            "predicates": {
              "minecraft:enchantments": [
                {"enchantments": "minecraft:blast_protection","levels": {"min": 4}},
                {"enchantments": "minecraft:unbreaking","levels": {"min": 3}},
                {"enchantments": "minecraft:mending","levels": {"min": 1}}
              ]
              }
            }
          }
        }
      },
    {
      "condition": "minecraft:entity_properties",
      "entity": "this",
      "predicate": {
        "equipment": {
          "legs": {
            "predicates": {
              "minecraft:enchantments": [
                {"enchantments": "minecraft:projectile_protection","levels": {"min": 4}},
                {"enchantments": "minecraft:unbreaking","levels": {"min": 3}},
                {"enchantments": "minecraft:mending","levels": {"min": 1}}
              ]
            }
          }
        }
      }
    }
  ]
}