{


    "condition": "any_of",
    "terms": [
      {
        "condition": "minecraft:entity_properties",
        "entity": "this",
        "predicate": {
          "equipment": {
            "feet": {
              "tag": "refined_advancements:pickaxe",
              "enchantments": [
                {
                    "enchantment": "minecraft:protection",
                    "levels": {
                      "min": 4
                    }
                  },
                {
                  "enchantment": "minecraft:feather_falling",
                  "levels": {
                    "min": 4
                  }
                },
                
                 {
                  "enchantment": "minecraft:frost_walker",
                  "levels": {
                    "min": 2
                  }
                },
                {
                  "enchantment": "minecraft:mending"
                },
                {
                  "enchantment": "minecraft:unbreaking",
                  "levels": {
                    "min": 3
                  }
                }
              ]
            }
          }
        }
      },
      {
        "condition": "minecraft:entity_properties",
        "entity": "this",
        "predicate": {
          "equipment": {
            "feet": {
              "tag": "refined_advancements:pickaxe",
              "enchantments": [
                {
                    "enchantment": "minecraft:fire_protection",
                    "levels": {
                      "min": 4
                    }
                  },
                {
                  "enchantment": "minecraft:feather_falling",
                  "levels": {
                    "min": 4
                  }
                },
                
                 {
                  "enchantment": "minecraft:frost_walker",
                  "levels": {
                    "min": 2
                  }
                },
                {
                  "enchantment": "minecraft:mending"
                },
                {
                  "enchantment": "minecraft:unbreaking",
                  "levels": {
                    "min": 3
                  }
                }
              ]
            }
          }
        }
      },
      {
        "condition": "minecraft:entity_properties",
        "entity": "this",
        "predicate": {
          "equipment": {
            "feet": {
              "tag": "refined_advancements:pickaxe",
              "enchantments": [
                {
                    "enchantment": "minecraft:blast_protection",
                    "levels": {
                      "min": 4
                    }
                  },
                {
                  "enchantment": "minecraft:feather_falling",
                  "levels": {
                    "min": 4
                  }
                },
                
                 {
                  "enchantment": "minecraft:frost_walker",
                  "levels": {
                    "min": 2
                  }
                },
                {
                  "enchantment": "minecraft:mending"
                },
                {
                  "enchantment": "minecraft:unbreaking",
                  "levels": {
                    "min": 3
                  }
                }
              ]
            }
          }
        }
      },
      {
        "condition": "minecraft:entity_properties",
        "entity": "this",
        "predicate": {
          "equipment": {
            "feet": {
              "tag": "refined_advancements:pickaxe",
              "enchantments": [
                {
                    "enchantment": "minecraft:projectile_protection",
                    "levels": {
                      "min": 4
                    }
                  },
                {
                  "enchantment": "minecraft:feather_falling",
                  "levels": {
                    "min": 4
                  }
                },
                
                 {
                  "enchantment": "minecraft:frost_walker",
                  "levels": {
                    "min": 2
                  }
                },
                {
                  "enchantment": "minecraft:mending"
                },
                {
                  "enchantment": "minecraft:unbreaking",
                  "levels": {
                    "min": 3
                  }
                }
              ]
            }
          }
        }
      },







        {
            "condition": "minecraft:entity_properties",
            "entity": "this",
            "predicate": {
              "equipment": {
                "feet": {
                  "tag": "refined_advancements:pickaxe",
                  "enchantments": [
                    {
                        "enchantment": "minecraft:protection",
                        "levels": {
                          "min": 4
                        }
                      },
                    {
                      "enchantment": "minecraft:feather_falling",
                      "levels": {
                        "min": 4
                      }
                    },
                    
                     {
                      "enchantment": "minecraft:depth_strider",
                      "levels": {
                        "min": 3
                      }
                    },
                    {
                      "enchantment": "minecraft:mending"
                    },
                    {
                      "enchantment": "minecraft:unbreaking",
                      "levels": {
                        "min": 3
                      }
                    }
                  ]
                }
              }
            }
          },
          {
            "condition": "minecraft:entity_properties",
            "entity": "this",
            "predicate": {
              "equipment": {
                "feet": {
                  "tag": "refined_advancements:pickaxe",
                  "enchantments": [
                    {
                        "enchantment": "minecraft:fire_protection",
                        "levels": {
                          "min": 4
                        }
                      },
                    {
                      "enchantment": "minecraft:feather_falling",
                      "levels": {
                        "min": 4
                      }
                    },
                    
                     {
                      "enchantment": "minecraft:depth_strider",
                      "levels": {
                        "min": 3
                      }
                    },
                    {
                      "enchantment": "minecraft:mending"
                    },
                    {
                      "enchantment": "minecraft:unbreaking",
                      "levels": {
                        "min": 3
                      }
                    }
                  ]
                }
              }
            }
          },
          {
            "condition": "minecraft:entity_properties",
            "entity": "this",
            "predicate": {
              "equipment": {
                "feet": {
                  "tag": "refined_advancements:pickaxe",
                  "enchantments": [
                    {
                        "enchantment": "minecraft:blast_protection",
                        "levels": {
                          "min": 4
                        }
                      },
                    {
                      "enchantment": "minecraft:feather_falling",
                      "levels": {
                        "min": 4
                      }
                    },
                    
                     {
                      "enchantment": "minecraft:depth_strider",
                      "levels": {
                        "min": 3
                      }
                    },
                    {
                      "enchantment": "minecraft:mending"
                    },
                    {
                      "enchantment": "minecraft:unbreaking",
                      "levels": {
                        "min": 3
                      }
                    }
                  ]
                }
              }
            }
          },
          {
            "condition": "minecraft:entity_properties",
            "entity": "this",
            "predicate": {
              "equipment": {
                "feet": {
                  "tag": "refined_advancements:pickaxe",
                  "enchantments": [
                    {
                        "enchantment": "minecraft:projectile_protection",
                        "levels": {
                          "min": 4
                        }
                      },
                    {
                      "enchantment": "minecraft:feather_falling",
                      "levels": {
                        "min": 4
                      }
                    },
                    
                     {
                      "enchantment": "minecraft:depth_strider",
                      "levels": {
                        "min": 3
                      }
                    },
                    {
                      "enchantment": "minecraft:mending"
                    },
                    {
                      "enchantment": "minecraft:unbreaking",
                      "levels": {
                        "min": 3
                      }
                    }
                  ]
                }
              }
            }
          }
    ]
}

  