{
  "display": {
    "icon": {
      "id": "minecraft:lodestone"
    },
    "title": {
      "translate": "advancements.nether.use_lodestone.title"
    },
    "description": {
      "translate": "advancements.nether.use_lodestone.description"
    },
    "frame": "task",
    "show_toast": true,
    "announce_to_chat": true,
    "hidden": false
  },
  "parent": "refined_advancements:nether/netherite_ingot",
  "criteria": {
    "use_lodestone": {
      "trigger": "minecraft:item_used_on_block",
      "conditions": {
        "location": [
          {
            "condition": "minecraft:location_check",
            "predicate": {
              "block": {
                "blocks": [
                  "minecraft:lodestone"
                ]
              }
            }
          },
          {
            "condition": "minecraft:match_tool",
            "predicate": {
              "items": [
                "minecraft:compass"
              ]
            }
          }
        ]
      }
    }
  },
  "requirements": [
    [
      "use_lodestone"
    ]
  ],
  "sends_telemetry_event": true
}
