{
  "display": {
    "icon": {
      "id": "minecraft:cookie"
    },
    "title": {
      "translate": "advancements.husbandry.allay_deliver_item_to_player.title"
    },
    "description": [
      {
      "translate": "advancements.husbandry.allay_deliver_item_to_player.description"
    }
    ],
    "frame": "task",
    "show_toast": true,
    "announce_to_chat": true,
    "hidden": false
  },
  "parent": "minecraft:husbandry/root",
  "criteria": {
    "allay_deliver_item_to_player": {
      "trigger": "minecraft:thrown_item_picked_up_by_player",
      "conditions": {
        "entity": [
          {
            "condition": "minecraft:entity_properties",
            "entity": "this",
            "predicate": {
              "type": "minecraft:allay"
            }
          }
        ]
      }
    }
  },
  "requirements": [
    [
      "allay_deliver_item_to_player"
    ]
  ]
}
