{
  "display": {
    "icon": {
      "id": "minecraft:torchflower_seeds"
    },
    "title": {
      "translate": "advancements.husbandry.feed_snifflet.title"
    },
    "description": {
      "translate": "advancements.husbandry.feed_snifflet.description"
    },
    "frame": "task",
    "show_toast": true,
    "announce_to_chat": true,
    "hidden": false
  },
  "parent": "minecraft:husbandry/obtain_sniffer_egg",
  "criteria": {
    "feed_snifflet": {
      "trigger": "minecraft:player_interacted_with_entity",
      "conditions": {
        "item": {
          "items": "#minecraft:sniffer_food"
        },
        "entity": [
          {
            "condition": "minecraft:entity_properties",
            "entity": "this",
            "predicate": {
              "type": "minecraft:sniffer",
              "flags": {
                "is_baby": true
              }
            }
          }
        ]
      }
    }
  },
  "requirements": [
    [
      "feed_snifflet"
    ]
  ],
  "sends_telemetry_event": true
}
