{
    "display": {
      "icon": {
        "id": "minecraft:sniffer_egg"
      },
      "title": {
        "translate": "advancements.husbandry.obtain_sniffer_egg.title"
      },
      "description": {
        "translate": "advancements.husbandry.obtain_sniffer_egg.description"
      },
      "frame": "task",
      "show_toast": true,
      "announce_to_chat": true,
      "hidden": false
    },
    "parent": "minecraft:husbandry/root",
    "criteria": {
      "obtain_sniffer_egg": {
        "trigger": "minecraft:inventory_changed",
        "conditions": {
          "items": [
            {
              "items": [
                "minecraft:sniffer_egg"
              ]
            }
          ]
        }
      }
    },
    "requirements": [
      [
        "obtain_sniffer_egg"
      ]
    ],
    "sends_telemetry_event": true
  }
  