{
  "display": {
    "icon": {
      "id": "minecraft:bee_nest",
      "count": 1
    },
    "title": {
      "translate": "advancements.husbandry.silk_touch_nest.title"
    },
    "description": {
      "translate": "advancements.husbandry.silk_touch_nest.description"
    }
  },
  "parent": "minecraft:husbandry/safely_harvest_honey",
  "criteria": {
    "silk_touch_nest": {
      "trigger": "minecraft:bee_nest_destroyed",
      "conditions": {
        "block": "minecraft:bee_nest",
        "num_bees_inside": 3,
        "item": {
          "predicates": {
            "minecraft:enchantments": [
              {
                "enchantments": "minecraft:silk_touch",
                "levels": {
                  "min": 1
                }
              }
            ]
          }
        }
      }
    }
  },
  "requirements": [
    [
      "silk_touch_nest"
    ]
  ],
  "sends_telemetry_event": true
}
