{
  "display": {
    "icon": {
      "id": "minecraft:spyglass"
    },
    "title": {
      "translate": "advancements.adventure.spyglass_at_parrot.title"
    },
    "description": [
      {
      "translate": "advancements.adventure.spyglass_at_parrot.description"
    }
    ],
    "frame": "task",
    "show_toast": true,
    "announce_to_chat": true,
    "hidden": false
  },
  "parent": "refined_advancements:adventure/amethyst",
  "criteria": {
    "spyglass_at_parrot": {
      "trigger": "minecraft:using_item",
      "conditions": {
        "player": [
          {
            "condition": "minecraft:entity_properties",
            "entity": "this",
            "predicate": {
              "type_specific": {
                "type": "player",
                "looking_at": {
                  "type": "minecraft:parrot"
                }
              }
            }
          }
        ],
        "item": {
          "items": [
            "minecraft:spyglass"
          ]
        }
      }
    }
  },
  "requirements": [
    [
      "spyglass_at_parrot"
    ]
  ]
}
