{
  "replace": false,
  "values": [

    {"id": "minecraft:wheat","required": false},
    {"id": "minecraft:carrots","required": false},
    {"id": "minecraft:potatoes","required": false},
    {"id": "minecraft:beetroots","required": false},

    {"id": "minecraft:bamboo","required": false},
    {"id": "minecraft:melon_stem","required": false},
    {"id": "#minecraft:saplings","required": false},
    {"id": "minecraft:azalea","required": false},
    {"id": "minecraft:flowering_azalea","required": false},
    {"id": "minecraft:mangrove_propagule","required": false},

    {"id": "minecraft:sunflower","required": false},
    {"id": "minecraft:lilac","required": false},
    {"id": "minecraft:rose_bush","required": false},
    {"id": "minecraft:peony","required": false},

    {"id": "minecraft:grass","required": false},
    {"id": "minecraft:fern","required": false},
    {"id": "minecraft:seagrass","required": false},

    {"id": "minecraft:red_mushroom","required": false},
    {"id": "minecraft:brown_mushroom","required": false},
    {"id": "minecraft:warped_fungus","required": false},
    {"id": "minecraft:crimson_fungus","required": false},
    {"id": "minecraft:sweet_berry_bush","required": false},
    {"id": "minecraft:cocoa","required": false},
    {"id": "minecraft:sea_pickle","required": false},
    {"id": "minecraft:kelp","required": false},
    {"id": "#minecraft:flowers","required": false},
    {"id": "minecraft:weeping_vines","required": false},
    {"id": "minecraft:twisting_vines","required": false},
    {"id": "minecraft:cave_vines","required": false},
    {"id": "minecraft:glow_lichen","required": false},
    {"id": "minecraft:moss_block","required": false},
    {"id": "minecraft:big_dripleaf","required": false},
    {"id": "minecraft:small_dripleaf","required": false},
    {"id": "minecraft:rooted_dirt","required": false},
    {"id": "minecraft:mangrove_leaves","required": false}




    ,
    {"id": "minecraft:attached_melon_stem","required": false},
    {"id": "minecraft:attached_pumpkin_stem","required": false},
    {"id": "#minecraft:logs","required": false},
    {"id": "minecraft:tall_grass","required": false},
    {"id": "minecraft:large_fern","required": false},
    {"id": "minecraft:tall_seagrass","required": false},

    {"id": "minecraft:mushroom_stem","required": false}


    



  


    
  ]
}
